ticker,rows,first_ts,last_ts
CVS,523144,2020-12-14 20:55:00+00:00,2026-04-30 13:53:00+00:00
DVN,523143,2020-12-15 15:15:00+00:00,2026-04-30 13:52:00+00:00
FCX,523143,2020-12-15 17:56:00+00:00,2026-04-30 13:52:00+00:00
NEM,523142,2020-12-14 15:06:00+00:00,2026-04-30 13:51:00+00:00
OXY,523141,2020-12-15 18:58:00+00:00,2026-04-30 13:50:00+00:00
SNAP,522365,2020-12-17 18:26:00+00:00,2026-04-30 13:54:00+00:00
PINS,522363,2020-12-16 19:21:00+00:00,2026-04-30 13:55:00+00:00
INTC,522354,2020-12-17 20:49:00+00:00,2026-04-30 13:43:00+00:00
AMD,522353,2020-12-18 20:39:00+00:00,2026-04-30 13:42:00+00:00
VZ,521816,2020-12-18 17:52:00+00:00,2026-04-30 13:55:00+00:00
T,521794,2020-12-18 20:20:00+00:00,2026-04-30 13:55:00+00:00
V,521759,2020-12-18 16:58:00+00:00,2026-04-30 13:42:00+00:00
PYPL,521729,2020-12-21 15:34:00+00:00,2026-04-30 13:56:00+00:00
DAL,521718,2020-12-21 14:52:00+00:00,2026-04-30 13:44:00+00:00
UAL,521668,2020-12-18 16:35:00+00:00,2026-04-30 13:43:00+00:00
AAL,521645,2020-12-22 15:31:00+00:00,2026-04-30 13:44:00+00:00
LUV,521644,2020-12-18 15:01:00+00:00,2026-04-30 13:43:00+00:00
JBLU,521642,2020-12-14 20:38:00+00:00,2026-04-30 13:45:00+00:00
D,521588,2020-12-14 16:30:00+00:00,2026-04-30 13:57:00+00:00
NEE,521587,2020-12-17 18:42:00+00:00,2026-04-30 13:56:00+00:00
SO,521587,2020-12-14 19:48:00+00:00,2026-04-30 13:57:00+00:00
CSX,521257,2020-12-17 18:21:00+00:00,2026-04-30 13:46:00+00:00
EXC,521198,2020-12-16 15:56:00+00:00,2026-04-30 13:58:00+00:00
UBER,520785,2020-12-23 19:29:00+00:00,2026-04-30 13:46:00+00:00
LYFT,520767,2020-12-21 20:27:00+00:00,2026-04-30 13:45:00+00:00
TSLA,520747,2020-12-28 17:12:00+00:00,2026-04-30 13:42:00+00:00
GM,520720,2020-12-24 15:19:00+00:00,2026-04-30 13:46:00+00:00
F,520696,2020-12-23 19:29:00+00:00,2026-04-30 13:46:00+00:00
KMI,520478,2020-12-18 16:08:00+00:00,2026-04-30 13:47:00+00:00
CVX,520474,2020-12-28 18:59:00+00:00,2026-04-30 13:43:00+00:00
XOM,520473,2020-12-24 17:05:00+00:00,2026-04-30 13:42:00+00:00
VLO,520446,2020-12-14 16:47:00+00:00,2026-04-30 13:47:00+00:00
MGM,520089,2020-12-23 18:02:00+00:00,2026-04-30 13:49:00+00:00
SBUX,520088,2020-12-28 15:13:00+00:00,2026-04-30 13:48:00+00:00
TGT,520084,2020-12-17 16:12:00+00:00,2026-04-30 13:48:00+00:00
HD,520083,2020-12-17 18:20:00+00:00,2026-04-30 13:43:00+00:00
WMT,520083,2020-12-28 20:05:00+00:00,2026-04-30 13:42:00+00:00
LVS,520081,2020-12-23 14:40:00+00:00,2026-04-30 13:48:00+00:00
AMZN,519965,2020-12-15 18:36:00+00:00,2026-04-30 13:42:00+00:00
META,519693,2020-12-31 15:32:00+00:00,2026-04-30 13:42:00+00:00
AAPL,519692,2020-12-31 16:23:00+00:00,2026-04-30 13:41:00+00:00
MSFT,519691,2020-12-31 14:51:00+00:00,2026-04-30 13:40:00+00:00
NVDA,519527,2020-12-31 15:56:00+00:00,2026-04-30 13:41:00+00:00
WMB,519512,2020-12-28 17:04:00+00:00,2026-04-30 13:47:00+00:00
UPS,519304,2020-12-16 18:31:00+00:00,2026-04-30 13:46:00+00:00
MPC,518487,2020-12-17 15:58:00+00:00,2026-04-30 13:47:00+00:00
COP,518142,2020-12-31 20:48:00+00:00,2026-04-30 13:51:00+00:00
OKE,518142,2020-12-16 15:15:00+00:00,2026-04-30 13:52:00+00:00
EBAY,518141,2020-12-31 16:32:00+00:00,2026-04-30 13:53:00+00:00
KR,518140,2020-12-29 19:30:00+00:00,2026-04-30 13:52:00+00:00
ENB,518139,2020-12-18 15:52:00+00:00,2026-04-30 13:51:00+00:00
CHWY,518139,2020-12-23 20:49:00+00:00,2026-04-30 13:53:00+00:00
EOG,518138,2020-12-23 19:11:00+00:00,2026-04-30 13:51:00+00:00
ETSY,518137,2020-12-17 16:24:00+00:00,2026-04-30 13:53:00+00:00
BBY,518135,2020-12-16 19:16:00+00:00,2026-04-30 13:51:00+00:00
O,517755,2020-12-29 17:22:00+00:00,2026-04-30 13:55:00+00:00
TMUS,517366,2020-12-29 16:31:00+00:00,2026-04-30 13:55:00+00:00
NFLX,517353,2020-12-22 15:09:00+00:00,2026-04-30 13:42:00+00:00
ABNB,516871,2020-12-30 14:30:00+00:00,2026-04-30 13:49:00+00:00
MA,516738,2020-12-22 19:30:00+00:00,2026-04-30 13:42:00+00:00
CAT,516587,2020-12-22 16:10:00+00:00,2026-04-30 13:56:00+00:00
DUK,516584,2020-12-23 20:14:00+00:00,2026-04-30 13:57:00+00:00
UNP,516233,2020-12-15 17:30:00+00:00,2026-04-30 13:45:00+00:00
U,516199,2020-12-22 16:28:00+00:00,2026-04-30 13:58:00+00:00
SNOW,516197,2020-12-23 20:19:00+00:00,2026-04-30 13:58:00+00:00
CRWD,516197,2020-12-30 15:13:00+00:00,2026-04-30 13:58:00+00:00
NET,516191,2020-12-21 16:39:00+00:00,2026-04-30 13:58:00+00:00
PSX,515458,2020-12-24 15:09:00+00:00,2026-04-30 13:47:00+00:00
LOW,515086,2020-12-30 19:04:00+00:00,2026-04-30 13:48:00+00:00
MCD,515085,2020-12-28 16:56:00+00:00,2026-04-30 13:44:00+00:00
CZR,514995,2020-12-30 16:35:00+00:00,2026-04-30 13:49:00+00:00
PLD,512734,2020-12-30 15:53:00+00:00,2026-04-30 13:54:00+00:00
TCOM,512709,2020-12-21 17:43:00+00:00,2026-04-30 13:54:00+00:00
ICE,510804,2020-12-29 18:55:00+00:00,2026-04-30 13:59:00+00:00
EXPE,509847,2020-12-11 20:44:00+00:00,2026-04-30 13:48:00+00:00
DLTR,508130,2020-12-31 14:50:00+00:00,2026-04-30 13:53:00+00:00
DG,508120,2020-12-18 15:06:00+00:00,2026-04-30 13:52:00+00:00
W,508103,2020-12-14 15:51:00+00:00,2026-04-30 13:53:00+00:00
WYNN,507677,2020-12-31 15:56:00+00:00,2026-04-30 13:52:00+00:00
ALK,506637,2020-12-30 20:41:00+00:00,2026-04-30 13:45:00+00:00
FDX,505601,2020-12-21 14:56:00+00:00,2026-04-30 13:46:00+00:00
HLT,505076,2020-12-15 15:19:00+00:00,2026-04-30 13:49:00+00:00
COST,505072,2020-12-29 14:33:00+00:00,2026-04-30 13:43:00+00:00
GOOGL,504944,2020-12-18 18:28:00+00:00,2026-04-30 13:41:00+00:00
CP,501224,2020-12-07 16:08:00+00:00,2026-04-30 13:46:00+00:00
MAR,500037,2020-12-29 19:46:00+00:00,2026-04-30 13:48:00+00:00
YUM,499958,2020-12-15 19:27:00+00:00,2026-04-30 13:47:00+00:00
KNX,498496,2020-12-31 14:45:00+00:00,2026-04-30 13:50:00+00:00
QSR,498077,2020-12-16 17:28:00+00:00,2026-04-30 13:53:00+00:00
SPG,497608,2020-12-28 15:52:00+00:00,2026-04-30 13:55:00+00:00
DE,496645,2020-12-22 17:45:00+00:00,2026-04-30 13:56:00+00:00
WM,496567,2020-12-23 19:12:00+00:00,2026-04-30 13:57:00+00:00
RBLX,495896,2021-03-18 13:30:00+00:00,2026-04-30 13:58:00+00:00
DLR,492326,2020-12-22 16:39:00+00:00,2026-04-30 13:55:00+00:00
ZIM,491232,2021-02-04 14:30:00+00:00,2026-04-30 13:47:00+00:00
CNI,491090,2020-12-28 17:09:00+00:00,2026-04-30 13:46:00+00:00
CME,490807,2020-12-28 14:47:00+00:00,2026-04-30 13:59:00+00:00
COIN,490460,2021-04-14 13:31:00+00:00,2026-04-30 13:59:00+00:00
SCCO,488054,2020-12-10 20:37:00+00:00,2026-04-30 13:51:00+00:00
IAG,486653,2020-12-10 17:07:00+00:00,2026-04-30 13:44:00+00:00
XPO,483283,2020-12-21 15:35:00+00:00,2026-04-30 13:50:00+00:00
DRI,482806,2020-12-23 19:43:00+00:00,2026-04-30 13:52:00+00:00
NSC,481128,2020-12-11 16:50:00+00:00,2026-04-30 13:45:00+00:00
RSG,466478,2020-12-31 14:51:00+00:00,2026-04-30 13:56:00+00:00
LCID,459375,2021-08-02 13:30:00+00:00,2026-04-30 13:51:00+00:00
TXRH,452513,2020-12-14 17:11:00+00:00,2026-04-30 13:53:00+00:00
ODFL,448412,2020-12-18 19:35:00+00:00,2026-04-30 13:50:00+00:00
SQ,435390,2020-12-22 20:45:00+00:00,2026-04-29 19:59:00+00:00
RIVN,432770,2021-11-10 14:41:00+00:00,2026-04-30 13:50:00+00:00
ULCC,428560,2021-06-01 13:30:00+00:00,2026-04-30 13:43:00+00:00
JBHT,428202,2020-12-14 18:56:00+00:00,2026-04-30 13:50:00+00:00
H,422412,2020-12-10 18:16:00+00:00,2026-04-30 13:54:00+00:00
DPZ,398011,2020-12-23 17:51:00+00:00,2026-04-30 13:54:00+00:00
PL,397447,2021-12-13 14:30:00+00:00,2026-04-30 13:50:00+00:00
RYAAY,386413,2020-12-18 20:17:00+00:00,2026-04-30 13:44:00+00:00
CEG,386386,2022-04-11 13:30:00+00:00,2026-04-30 13:57:00+00:00
EQIX,357614,2020-12-17 14:50:00+00:00,2026-04-30 13:54:00+00:00
CMG,340089,2020-11-19 16:56:00+00:00,2026-04-30 13:48:00+00:00
SKYW,339704,2020-12-21 18:11:00+00:00,2026-04-30 13:45:00+00:00
SNCY,337377,2021-06-01 13:30:00+00:00,2026-04-30 13:45:00+00:00
BKSY,334656,2021-09-17 13:30:00+00:00,2026-04-30 13:50:00+00:00
BKNG,305003,2020-12-23 16:32:00+00:00,2026-04-30 13:49:00+00:00
LSTR,297721,2020-12-08 18:34:00+00:00,2026-04-30 13:45:00+00:00
SPIR,297235,2020-07-22 17:20:00+00:00,2026-04-30 13:52:00+00:00
MATX,287924,2020-12-14 17:07:00+00:00,2026-04-30 13:30:00+00:00
ALGT,279827,2020-12-29 18:07:00+00:00,2026-04-30 13:43:00+00:00
