m,mean_ret_bps,std_ret_bps,mean_vol
0,2.7320955882583453,72.44915304302405,2880156.5597014925
1,-0.12292632703876438,16.186922705521784,423853.16619981325
2,-0.791826090833535,14.245649945748552,389800.2007469655
3,-0.10769057266618208,13.370029765479662,362156.9579831933
4,-0.905636942771661,12.13137615892441,341215.4239028945
5,0.16752694631759107,11.640866783733872,356206.2913165266
6,0.36399912710844873,11.336975934198827,336301.0130718954
7,-0.06487274472729464,10.246867784795665,310863.9225023343
8,0.31498278776591,10.032181189425554,301657.593837535
9,0.022327632925658675,9.769178447468681,291546.87021475256
10,-0.8395537706056512,9.791229038095233,310550.2418300654
11,0.8313251765463663,8.973113854018841,281323.6806722689
12,0.21619705245837045,8.875958744016945,275126.3893557423
13,-0.48617029724685773,8.950046810492985,272012.7254901961
14,-0.23970205310456505,8.147665001136042,270202.2614379085
15,0.7064930355855682,9.14208838043615,299813.58263305324
16,0.45910294264589013,9.359830725593037,280178.153271028
17,0.24781242842346535,8.562256701102527,260125.01401869158
18,0.4067590170403458,8.550306460716737,259156.34672897196
19,-0.6016462665107624,8.283760438887516,318693.29803186504
20,-0.21518428699046632,8.59867877379174,332685.8139097744
21,0.2969845075976326,7.951537382654069,268302.09962406015
22,0.1549578795123953,7.708733879549292,304956.7603383459
23,-0.5601333149262879,7.857639013864145,255331.62781954888
24,-0.2472399940581238,7.382272827400474,239505.20958646617
25,0.540653679953545,7.4897191307590845,240294.22462406015
26,0.4099277119517313,7.44647197575947,232446.86372180452
27,0.513093893854245,6.701435084335531,222433.9417293233
28,0.36857599248191897,6.505050796570676,218155.4069548872
29,0.937242032940151,6.410172364932565,228364.38345864663
30,-0.3646307495016392,9.489491286486528,318217.8834586466
31,-0.29177745847721104,8.135815142672705,213121.79229323307
32,-0.34564265944647443,7.198573749599884,225855.25563909774
33,-0.12007749301751464,6.843093179195726,207142.96616541353
34,0.3444900603045704,6.901521671096206,204983.61372180452
35,-0.17851836267991167,7.164709380109909,216919.58458646617
36,-0.23810267896494197,6.865764261823657,208556.66917293234
37,-0.26867382072579055,6.742709807189405,241831.55357142858
38,-0.06407051144405798,6.7662553803918275,201398.12406015038
39,-0.26029610929258784,6.46894609138605,194430.21112158342
40,0.6528354617828808,6.972249250510621,205413.39679547597
41,-0.10706174940491182,6.861075169051952,202047.91226415095
42,0.2756569126550578,7.0128558294634535,198811.0858490566
43,0.3976154615651739,6.234985757216475,187048.62169811322
44,-0.11262477378759726,6.365848330192751,188200.31698113208
45,-0.044508381558537494,6.669755156514471,206737.98016997168
46,0.414420252117617,6.659083909164384,199605.11814744803
47,0.3223431042788516,6.45265050027403,182148.94139886578
48,-0.0891028897920212,6.45486210096669,184866.25897920606
49,0.145542188279257,6.0013370958677275,183749.08128544423
50,-0.07407784600643247,6.222114813365854,188908.79489603025
51,0.19096578333917202,6.4827042227746166,179543.12665406428
52,0.11381209947369167,6.112398587539942,182595.49716446124
53,0.11783709019741188,6.040342621372177,171094.6899810964
54,0.0036691333520615828,5.891768870153162,176632.7438563327
55,-0.4561649360335127,5.874567974372107,176712.84215500945
56,-0.014481808560451028,5.871433511139254,174956.9508506616
57,-0.24146088002368302,5.6962171101605374,172061.30623818527
58,-0.10587689978334752,5.766703212849096,170558.86389413988
59,-0.2494707010034413,5.9591204520906285,167899.44938505202
60,0.019217883298875367,6.609884431407688,187788.04545454544
61,0.007591122492915195,5.748842756718001,169180.41193181818
62,-0.10302263166444778,5.84901510200009,171959.66761363635
63,0.11184726091987088,5.61924400956307,163503.76420454544
64,-0.21479300314280564,5.385539791549805,159483.07386363635
65,-0.07311270222979994,5.495131348309348,168353.80587121213
66,-0.4347232706602672,5.800154506273466,167461.87121212122
67,0.44669254201853403,5.549393141430835,218871.5634469697
68,0.03480721665792615,5.82819254380135,162182.47632575757
69,0.1819979902493964,5.404435390914653,157745.52651515152
70,0.4342817633343599,5.654419481888202,164592.66193181818
71,0.15418759895795275,5.481549443343956,159117.26799242425
72,-0.3827573026862363,5.309330508527871,159361.73674242425
73,0.0029843362098476976,5.190949747108383,153928.36174242425
74,-0.08869724484203002,5.365646159815674,158069.5606060606
75,0.02778844091802555,5.331944540630397,163553.78787878787
76,0.24534920345412237,5.740219491788564,156765.05113636365
77,0.09534305882115422,5.1566583483294,152439.86931818182
78,-0.038526911320495294,5.280945123840694,149374.63920454544
79,0.11308648017111102,5.069096994850494,150553.10984848486
80,-0.8715820042366057,5.6837201741385455,158273.91382575757
81,-0.18940809002685982,5.4467305931395735,152225.0331439394
82,-0.10916172149727257,5.158793443358723,154474.80303030304
83,-0.29656701024628246,5.247096169522974,208760.83522727274
84,0.2421456076427518,4.888322171975219,143211.64962121213
85,0.027837672473250107,5.0812320515446405,148421.02746212122
86,-0.010181987860475339,4.872449029395969,144358.4356060606
87,-0.23879954551646804,4.9394620566857546,141555.72537878787
88,-0.15961989671658014,5.087543944003769,144044.35890151514
89,0.054448559412580734,4.743294089075546,143877.58806818182
90,0.697779881512286,5.39056756681903,170068.43087121213
91,-0.25116161634003537,5.487588109683832,142350.32481060605
92,-0.32269550075564607,5.071751499693657,151910.44602272726
93,-0.27310036947726213,5.194985731929532,145958.24242424243
94,0.11811944857132493,4.717211197729885,142789.4971590909
95,-0.1013403767563831,5.11079709330848,144457.60321969696
96,0.4313555561984728,5.396424993640293,144548.14962121213
97,0.23213204833153955,5.260426410823632,146522.01799242425
98,-0.030268671437287044,4.800458671578599,138694.07765151514
99,0.23404122467773839,4.828160822087111,137752.83238636365
100,0.11550146073372156,5.1857379627758196,139985.06818181818
101,-0.012577590009582373,5.150711000928206,142726.64867424243
102,0.12122190312245062,4.853865353280385,138533.71117424243
103,0.050570518918228474,4.911347597641256,135470.49194312797
104,-0.09221084889161539,4.660564337538195,133237.68530805688
105,-0.4878017624350434,4.959244337723939,141967.31848341232
106,-0.22182415443486223,5.081888957934654,144410.31563981043
107,0.0726091055071785,4.736274688911017,140050.30236966824
108,0.48676039221998896,4.634702277134941,133089.2559241706
109,0.03810284947864235,4.462117175232809,132649.33933649288
110,0.10546001129705185,5.014449423888513,136815.10995260664
111,-0.3137439885391532,4.899728972888108,137088.47867298577
112,-0.14954492615385911,4.767090805716566,140993.81990521328
113,-0.161734823871736,4.653641523961665,132615.85971563982
114,0.07487388565788568,4.460302153265415,127219.68436018957
115,-0.25315597443306365,4.6997801140191,136449.70426540283
116,-0.13408875844593227,4.8606437877476765,132699.51469194313
117,-0.019697588857290785,4.350944158376542,129802.92687559355
118,-0.13167100849840888,4.499278168076234,127540.24786324786
119,-0.16230266483289593,4.336852522020964,135185.5764482431
120,0.41087009696465754,5.153845840060625,140660.94017094016
121,0.02444922486146973,4.849783490431121,129679.01424501424
122,0.11789914456426161,4.754478314128792,130440.44444444444
123,0.13459881257586623,4.453238284565656,124601.41690408357
124,0.11740659366499548,4.242489303730187,126608.36467236467
125,-0.2655987076999507,4.544753008362694,130344.8660968661
126,0.21899293262057737,4.495318223529529,124840.72174738841
127,-0.1968353866224623,4.350107254971243,122075.74264007597
128,0.405383280738181,4.446908312831762,123836.87654320987
129,-0.18684759239811524,4.199656905437104,120347.70560303894
130,0.18398236924407793,4.506506859843238,122784.9420702754
131,-0.1776448557571369,4.368191675853909,127705.63437796771
132,-0.325232085522122,4.360818846776734,124769.40835707502
133,-0.0425598920135459,4.135969844554217,115929.78347578348
134,0.21827699471944761,4.170026286451398,116779.92782526115
135,-0.13520292241279036,4.4043205059133435,165083.10826210826
136,0.06525607993307513,4.551017886860119,116381.37226970561
137,0.048247242069890194,4.117718311709276,116650.96391263058
138,0.2042396014671841,3.886622511050893,113295.89458689459
139,-0.018248711457494075,3.843236453129101,116314.66191832858
140,0.14357756586242196,4.5940767529432485,124353.96011396011
141,-0.22468213429302067,4.181874497889723,112583.69325735992
142,0.3035750452104882,4.2489977089543345,115926.20037986705
143,-0.006733179198168789,4.40467093997596,117889.13010446343
144,-0.19305897141616044,4.0135182991763445,116645.9829059829
145,0.0878321787254866,3.9782462677688946,113633.83190883191
146,0.19129224787075597,4.324889234673481,120539.10731244064
147,0.024734720552488397,4.080821229347475,121992.2611585945
148,0.03758244327562606,3.9695025017298766,143980.97338403043
149,0.11636918643035551,3.6958103099370465,107047.43441064638
150,-0.32186235409104186,4.309997904377335,127012.55703422053
151,0.1072429684890359,4.5879042252340065,107702.70152091255
152,-0.04559994569852846,4.342164506740812,114593.27661596957
153,0.013727823463933211,4.357435657234561,113781.32034220532
154,-0.0017003777467693535,3.881821658824287,121026.74809885932
155,-0.21612492128296884,4.397784697878959,116266.35646387833
156,0.27807677460009184,4.117686655123245,110756.8174904943
157,-0.09373543770479315,4.254658813347617,113848.54847908745
158,0.11063619362940744,4.296566644318697,113312.60456273764
159,-0.2499432950847404,3.9840220971510645,114365.46863117871
160,0.17224353757927144,4.236169291681665,116351.71863117871
161,-0.12613337334671323,4.131874813819294,113773.52661596957
162,0.10249375662963546,4.023787300996257,109593.78897338403
163,0.21619990849192694,3.9725696867540123,111131.13688212927
164,0.3140657575652123,3.719480570820563,109990.65684410646
165,0.0670332798666567,4.353237913835303,114177.30798479088
166,0.011729381110217563,4.072312145558383,111991.2319391635
167,0.09472280086685643,4.119851759384315,108653.07040913416
168,-0.06957343403711855,3.868611129675179,110557.71360608944
169,-0.040128121420892886,3.8967032753619,111126.0951474786
170,-0.18683674488256283,4.085947845407457,113874.21122740247
171,-0.04663834998670169,3.9520775193367856,108822.30066603234
172,-0.3103674735176577,3.979587873663,104637.00856327308
173,-0.08696635636834289,3.8912269936441786,104093.68981921978
174,0.05900014301960143,3.6418486443904974,102503.5937202664
175,0.0006328057515247978,3.992724346581074,106738.5604186489
176,0.02342865973673235,3.6896701594511967,102052.16555661274
177,0.032628948107712726,3.9588786389326964,105425.81636536632
178,0.28714539062874883,3.7603812445466382,100114.11607992389
179,0.42707655220791574,3.426846075909315,100211.81351094197
180,-0.20190936965137377,4.061854642546883,104413.10180780209
181,0.1785501754935917,3.8917455654832773,103724.93523809523
182,0.20151790007385012,3.7039860490649175,101245.83142857143
183,-0.03954451644276139,3.7524975806905276,99614.69333333333
184,0.13227224819383104,3.678077169920732,102259.70666666667
185,-0.02254979279168813,3.7919059193257643,105638.54476190476
186,-0.11273084180541378,3.9827523152974162,100783.62952380952
187,-0.23955554445969088,3.6721563906442305,101374.89904761905
188,0.0875824979588475,3.5936296238724874,99856.33047619047
189,-0.16246815730251574,3.694119581862549,95978.91714285714
190,-0.03556161005717339,3.9098601325574576,101322.76
191,-0.15513617088666742,3.7590643376018167,96348.83238095239
192,0.09365291020322142,3.670284733515498,95394.28952380952
193,0.0888849179472179,3.5732973636538645,98427.06666666667
194,0.044134130799038704,3.4491570700216965,94670.35619047619
195,-0.039447258077515306,3.700322336053219,104835.96095238095
196,-0.43666476313744546,3.669761830244272,102085.51191611058
197,-0.32742520037287637,3.678183066823737,107079.61391801716
198,0.11535984667431419,3.4768327642584542,93987.0391221374
199,0.0642554431618765,3.427295837614822,95132.24141221374
200,0.20289706201578758,3.932523474712444,100794.49427480916
201,-0.10668845492607373,3.790904939644515,99599.86354961833
202,0.2512487622034701,3.767249930078572,98997.22614503816
203,-0.16459197110034904,3.6043105363832812,97536.79732313576
204,0.12355065206868278,3.4777070209269985,93835.1481835564
205,0.02440292161692847,3.5475431775975004,195112.44550669217
206,-0.320336870671851,3.6689013397297594,93619.37858508604
207,-0.03272540009573588,3.4291388689804165,95704.58891013384
208,0.006701657067404917,3.272029021504789,98231.44837476099
209,0.27489319990830563,3.2610025076592457,98492.29541108987
210,-0.26864644624308925,4.039443686041466,137012.82870813398
211,0.01981055573120483,4.4976108350101205,102244.90421455938
212,-0.10983484437714855,4.138552544226545,109208.23512476007
213,0.04532217866839029,3.8877828025771737,102758.68618042227
214,0.11958710626032547,3.6823309377538047,97676.47696737044
215,-0.03922193644434128,3.8911482181422157,99194.54702495201
216,0.18172014301372547,4.112294524037477,98801.02975047985
217,0.10060053501615045,3.8885474140506404,100032.75024015369
218,-0.00979631471313015,3.6326475678222785,95790.61479346782
219,0.18607411898439655,3.36215970095108,94043.11335254562
220,0.19271554287110787,3.840282219219949,113446.21902017291
221,-0.1779919852108841,3.720980423231872,97389.98751200769
222,0.4271485462841265,3.6378024832167757,97042.2209414025
223,-0.046341658931171516,3.5959242503477613,96011.81075888568
224,0.09682895612030182,3.390889475769675,95532.52833813641
225,-0.3191995653224642,3.7771672758622756,98845.23919308357
226,0.3097884380692854,3.889886648162295,96274.61863592699
227,-0.2143723747502632,3.6223165682874767,99374.20268972142
228,-0.26517114809981723,3.8362380022741083,98571.02305475505
229,0.14169821298966018,3.6504398025393643,95168.41690682036
230,0.020705651553464093,3.6600992989643535,97647.20384615385
231,-0.1399695238893373,3.793548519382285,98479.28461538462
232,0.22534644408772514,3.578184344734948,201790.38942307694
233,-0.15938039435738818,3.5227550761382895,96342.37115384615
234,0.06341444581411093,3.3654620979015126,91867.93365384615
235,-0.04347145350315176,3.711443764121087,97505.8451923077
236,0.2039805892806755,3.752657993648926,93094.71538461538
237,-0.09258602466606007,3.4691191435562505,95062.66634615384
238,-0.2310567213584055,3.993406278291083,96348.31442307692
239,-0.27298018902948823,3.550051673701294,96457.71923076923
240,0.43093784508938277,4.46549244771488,111030.68142444658
241,-0.002821955188815255,4.000849164327617,102163.23387872954
242,-0.07344281887351901,3.8239082369205373,96072.10972088546
243,0.13344761443397007,3.617730449712997,99033.45953757226
244,0.13152971333035524,3.560383400148019,104471.32562620424
245,0.2023134403647376,3.7446796778594624,95296.37861271677
246,-0.11216940801538942,3.777833173529816,98739.38053949903
247,0.18309932072997692,3.6701678040029355,92692.84007707129
248,0.15654216473140348,3.6831782488096736,96812.90269749518
249,0.3214327486585647,3.596343484107403,98170.73025048169
250,0.18111274379687198,3.8603679967794173,103132.93159922928
251,-0.3669639902479485,3.695677533787807,98890.49614643546
252,0.06329684878384849,3.4791612460324393,94501.26782273603
253,-0.31494360955514605,3.530722457955627,93952.39595375722
254,0.08021289570422015,3.3226480025787355,92647.39691714836
255,-0.3475188499809778,3.5846156295725056,98867.99614643546
256,-0.006245816166676088,3.9623830529588284,96828.14065510598
257,-0.37456271235559424,3.659406019789265,96608.76107899807
258,-0.038361786932665065,3.6886812140748546,91872.704238921
259,0.014825236418929442,3.497969975506739,92817.54142581888
260,0.1113635114205047,3.59626571163275,98704.42967244702
261,0.1523105753279992,3.5515355887292306,94754.90558766859
262,-0.02594061139702115,3.491505658684606,92874.64836223506
263,-0.09193491313022634,3.4981197989139035,94763.82851637765
264,0.1783586694652829,3.3653821142039773,90814.95756991321
265,-0.2134005445733298,3.665957563623008,96536.37897782064
266,-0.10992171293467873,3.547932956137534,94379.8649951784
267,0.2595464100399124,3.5381865235085477,94801.16489874639
268,0.08052875624890293,3.3727155907068287,93488.86403085824
269,0.2248395432316208,3.306864981479532,94393.5168756027
270,-0.0717735748390337,5.1102063802412,141005.22372227578
271,0.018413880532069087,4.918910293711279,107801.71648987464
272,0.10197889159951617,4.342752454777454,118192.49951783993
273,0.02269068596227961,4.087017333405752,108889.32690453231
274,-0.2937645452749232,3.9613018794274413,107006.54773384763
275,-0.1854769315398365,4.173668171004752,111663.17839922855
276,-0.05537184548195497,3.9959591901522242,162033.03085824495
277,0.033215440699754385,4.2398502065770876,112316.10414657666
278,0.05399919066620152,3.9342998068604285,103602.58937198068
279,0.06537678687857891,3.6514325941404544,101247.67149758454
280,-0.1180948321482128,3.9331657764523666,107223.9884057971
281,-0.3966294416182108,3.967191677973398,103004.53140096618
282,0.03940301246038497,3.6754235840444323,104664.40966183574
283,-0.0881450077562664,3.802694080677173,98022.85507246378
284,-0.13394709246953612,3.680924322088344,99169.1806763285
285,0.23265949959729304,4.191014121196631,110608.68792270531
286,-0.0665990865794733,3.7335685380435004,103738.37971014493
287,0.10798300154148932,3.6365190328694945,145596.47536231883
288,0.3668737410447467,3.84643714304636,103430.71276595745
289,-0.13330233951562712,3.715335781661938,181883.74927395934
290,-0.13587281551113248,3.7430974624980147,103555.5004840271
291,-0.1905126822818077,3.7630819834282465,103536.83155856728
292,0.13778779441803557,3.785895725281969,106048.2296511628
293,0.06810002208375136,3.745803794475694,103280.89341085272
294,-0.14416175514120763,3.4233780806967107,101447.1007751938
295,-0.14127425915496214,3.746621358430873,103962.3488372093
296,0.16132318181963434,3.7141167862293756,105989.63565891473
297,0.07525773278181948,3.4848456795318468,103947.4011627907
298,0.2646368053097152,3.5779770680768865,104055.17441860466
299,-0.2564690767109125,3.230086915436415,101467.51453488372
300,-0.10306591732888376,4.3475450723210285,117063.58971871968
301,0.06621546102509135,4.231663059970771,116009.62718446602
302,-0.11871596949467395,3.834452320856187,118943.84077669903
303,-0.13324408027762275,3.755129003469468,108986.27475728156
304,0.12046348757591785,3.7677431210400325,109059.50534499514
305,-0.04773918214969318,4.11451539756652,112536.6472303207
306,-0.12962241795769847,4.027557129189365,109578.1098153547
307,0.38011184588951547,3.96944982551327,110062.83673469388
308,0.29361330803637875,3.9663658236941064,109916.02623906705
309,0.17225574985059877,3.593399404322697,103125.00194363459
310,-0.02480797056029791,4.014340606850337,113481.30806608357
311,0.2197752077951328,3.8015631570046526,109490.08066083577
312,-0.279730885832512,4.093578142341763,113210.80466472304
313,-0.04516833417780612,3.735644135648076,105587.68804664724
314,0.28049228201055376,3.4800330973462206,103279.00680933852
315,0.09891687885684526,3.8828216305164425,117207.61441090555
316,0.0606515279165921,3.9581443851613973,102825.71567672833
317,-0.3100803673495437,3.8366726275572205,106712.64362220059
318,0.10128729056763654,3.8907135514661517,110006.59104186953
319,-0.07348700058689542,3.596715676430132,104738.11392405063
320,-0.19598022884141825,3.896096503314016,110694.81596884129
321,0.011329015387899908,4.086847957052444,105873.53067185979
322,0.3348822158611633,3.7208155836270707,112609.43816942551
323,-0.3481705833266093,3.8263461675494432,106424.04186952289
324,0.36722509753136395,3.46422468237987,108910.33495618305
325,0.17662460145106182,3.9363796526028576,111173.95715676728
326,0.14498078903402123,3.8523286756943627,112697.21129503408
327,-0.10675429386945148,3.571147677993263,111268.65822784811
328,0.18979573375543898,3.567251214435683,105151.73099415205
329,-0.12505160929459053,3.4502604144248052,109152.4171539961
330,0.42749806493299947,4.478534962289759,147181.11988304093
331,-0.05810124460702483,4.4926056079324805,113817.97368421052
332,0.05498615572008421,4.340677708493537,125045.25170731707
333,-0.3869065768110175,4.026627348175626,116069.12975609757
334,-0.13486574629775747,3.7918898998755464,121532.60292682926
335,0.03969984587210496,3.9076587246520895,125266.76878048781
336,-0.4120489320438498,4.0794962083186865,118851.44975609756
337,-0.11738195219704738,3.810492918023454,117332.42048780488
338,0.0427464296909736,3.77889717265456,118173.70731707317
339,0.03206053155957564,3.8415657281531987,121543.708984375
340,0.07770559319538102,4.071923308307163,126996.232421875
341,-0.12991974155100403,3.790652284651623,126171.5869140625
342,0.28433942021890307,3.9331912543047496,127705.8154296875
343,-0.1318860768879872,3.790576263640311,121796.2568359375
344,0.0995921726515761,3.8207817421273074,121861.4306640625
345,0.3793661653404758,4.142214202190463,137532.2763671875
346,0.057521422146291065,4.043844329426458,129811.7099609375
347,-0.11960009922459976,4.053909006036543,126003.373046875
348,0.3381991799588876,3.9119743705870955,125403.7724609375
349,0.2536568275367462,3.6242738296341566,127550.0586510264
350,-0.179348981011439,4.291108706370736,136055.5102639296
351,0.1467422757553834,3.993686387315097,131270.88356164383
352,0.22640745896885217,3.711331286096344,130655.80313418218
353,0.18098582214172962,3.8258412506660826,129387.71890303624
354,-0.05682816832146755,3.4679020212424696,123519.51028403526
355,-0.268840082826144,3.867092815997928,135085.88834476005
356,0.09682015820707998,3.8241794881339772,130667.15882352942
357,0.1940520524538257,3.8778700408869082,130661.21274509803
358,-0.06250903659129135,3.911743380918311,132541.62450980392
359,-0.15852020651781346,3.657489083511129,133637.98235294118
360,-0.0209284637021155,4.6252216907170896,158389.7519607843
361,0.17961863574402617,4.076784653211301,149433.6725490196
362,0.11881642738046197,4.461939540799765,152899.8705882353
363,-0.11098029481112666,4.160436234936816,148636.20098039217
364,0.3664603509336458,3.8599640057235556,147673.47647058824
365,-0.3120522603065089,3.9812365434155264,152938.5862745098
366,-0.2762843050144976,4.082028495474069,154594.86176470589
367,-0.13906658141797618,4.038461506587559,167550.93431372548
368,-0.07259226287837685,3.943488744807323,154753.11511511513
369,0.03793902524356061,3.7911151867277426,151731.2735470942
370,0.4070160710300034,4.595210137853988,170219.0906344411
371,-0.1950054868240834,4.082803177922172,161579.36391129033
372,0.0996731783581228,4.090827463609603,165358.2328629032
373,-0.27016341326764376,4.109371003186206,164515.60847628658
374,-0.25990039366482276,4.2975472454416295,169371.66397578205
375,-0.06132446052474347,4.747605052314918,189729.8415741675
376,-0.14242688895967348,4.555666625933603,189182.41658240647
377,0.16163076156364947,4.321538069087445,183845.4216380182
378,-0.0867308423684808,4.376548772217781,189343.9555106168
379,-0.430866991410493,4.4252771312595085,222195.55712841253
380,0.48811030068385186,9.597364994320305,439108.15587044536
381,-0.5985039363493421,5.322279745837402,268595.75708502025
382,0.290608532848784,5.238369295673979,269518.79635258357
383,-0.5238195505095821,5.066729708727891,275992.49288617884
384,0.18486602842837302,7.9424577799008445,414904.8819938962
385,0.007304480342749063,7.86699943997164,430873.48163265304
386,0.1381841321629346,5.050644554572955,358246.7773237998
387,0.7272560518403828,4.465466036120866,399307.9465020576
388,0.6564286795915196,4.887223540731907,508228.9519832985
389,0.21007413497535335,7.861911189499063,1171874.9331872945
