label,interval,threshold,strat_sharpe,strat_sortino,strat_max_drawdown,strat_cagr,strat_calmar,strat_ann_return,strat_ann_vol,strat_total_return,strat_final_capital,strat_n_trades,strat_exposure,strat_avg_holding_min,strat_trades_per_day,strat_turnover_per_day,strat_n_days,strat_alpha_ann,strat_beta,bh_sharpe,bh_sortino,bh_max_drawdown,bh_cagr,bh_calmar,bh_ann_return,bh_ann_vol,bh_total_return,bh_final_capital,bh_n_trades,bh_exposure,bh_avg_holding_min,bh_trades_per_day,bh_turnover_per_day,bh_n_days,bh_alpha_ann,bh_beta,sharpe_edge,dd_ok,beats_bh,exposure,auc,effective_n,n_labelled,pbo
1min@0.50,1min,0.5,-61.911340222671,-59.86245113012522,1.0,-0.9999999698164828,-0.9999999698164828,-17.275314957594244,0.2796792137808324,-1.0,9.473828315338877e-27,24043,0.7417952929917768,12.508921515617851,22.44911297852474,44.89822595704948,1071,-17.37791952300334,0.6473875712018523,0.40633542216831786,0.40757199677473227,0.3488629077734285,0.12275908671077862,0.35188345901910956,0.1580832820805516,0.2906054349148986,0.6123117598125671,161231.1759812567,1,0.9999975335316373,405437.0,0.0009337068160597573,0.0009337068160597573,1071,-0.00034190188915034366,1.0000077143905794,-62.31767564483932,False,False,0.7417952929917768,0.5027339147895595,68405.22605324734,405438,0.0
1min@0.52,1min,0.52,-40.44654648913906,-45.86098792332433,0.9999999999756854,-0.9973264662377868,-0.9973264662620362,-5.9133244353263565,0.14718993219668278,-0.9999999999756856,2.431445164018295e-06,8259,0.04944775773361155,2.4274125196755056,7.711484593837535,15.42296918767507,1071,-5.937515006686199,0.1526027156312378,0.40633542216831786,0.40757199677473227,0.3488629077734285,0.12275908671077862,0.35188345901910956,0.1580832820805516,0.2906054349148986,0.6123117598125671,161231.1759812567,1,0.9999975335316373,405437.0,0.0009337068160597573,0.0009337068160597573,1071,-0.00034190188915034366,1.0000077143905794,-40.85288191130738,False,False,0.04944775773361155,0.5027339147895595,68405.22605324734,405438,0.0
1min@0.55,1min,0.55,-13.780161291881178,-16.585586786912135,0.9907455292110576,-0.6784599462116091,-0.6847973835944279,-1.1310030390497732,0.08497745521597705,-0.9907278756580337,927.2124341966302,1628,0.010672408605014824,2.657862407862408,1.5200746965452847,3.0401493930905694,1071,-1.1412778542721267,0.06483867865034382,0.40633542216831786,0.40757199677473227,0.3488629077734285,0.12275908671077862,0.35188345901910956,0.1580832820805516,0.2906054349148986,0.6123117598125671,161231.1759812567,1,0.9999975335316373,405437.0,0.0009337068160597573,0.0009337068160597573,1071,-0.00034190188915034366,1.0000077143905794,-14.186496714049497,False,False,0.010672408605014824,0.5027339147895595,68405.22605324734,405438,0.0
1min@0.58,1min,0.58,-8.811658679776123,-11.887509800570564,0.8671840608242581,-0.3869354484085503,-0.4461976019724905,-0.4875011460734015,0.059864001233284704,-0.8671407653282053,13285.923467179475,727,0.0037786295315189993,2.107290233837689,0.6788048552754435,1.357609710550887,1071,-0.4926885482969523,0.03273612773398425,0.40633542216831786,0.40757199677473227,0.3488629077734285,0.12275908671077862,0.35188345901910956,0.1580832820805516,0.2906054349148986,0.6123117598125671,161231.1759812567,1,0.9999975335316373,405437.0,0.0009337068160597573,0.0009337068160597573,1071,-0.00034190188915034366,1.0000077143905794,-9.217994101944441,False,False,0.0037786295315189993,0.5027339147895595,68405.22605324734,405438,0.0
5min@0.50,5min,0.5,-13.592183298613708,-14.732722283715074,0.999999039420458,-0.966292325941573,-0.9662932541431045,-3.3585097311771874,0.2500341303905022,-0.999999039420458,0.09605795419674668,4833,0.7461848689287759,12.40368301262156,4.512605042016807,9.025210084033613,1071,-3.4695340200925577,0.6807483500479707,0.4239071426927206,0.42072673153724466,0.34839991535988973,0.12835254009482,0.3684057728953078,0.16267141663696724,0.2893827545762527,0.6381453092756766,163814.53092756766,1,0.9999875525903059,80337.0,0.0009337068160597573,0.0009337068160597573,1071,-0.0003572447386660743,1.0000034871782397,-14.01609044130643,False,False,0.7461848689287759,0.5065542089129527,13874.853629744717,80338,0.0
5min@0.52,5min,0.52,-22.263315593662192,-26.071509664875016,0.9999995019327644,-0.9712962351583483,-0.97129671892942,-3.537497314975744,0.16069023052407197,-0.9999995019327644,0.049806723561294106,4999,0.2802534292613707,4.503900780156031,4.667600373482727,9.335200746965453,1071,-3.5775656456329363,0.24550247518434914,0.4239071426927206,0.42072673153724466,0.34839991535988973,0.12835254009482,0.3684057728953078,0.16267141663696724,0.2893827545762527,0.6381453092756766,163814.53092756766,1,0.9999875525903059,80337.0,0.0009337068160597573,0.0009337068160597573,1071,-0.0003572447386660743,1.0000034871782397,-22.68722273635491,False,False,0.2802534292613707,0.5065542089129527,13874.853629744717,80338,0.0
5min@0.55,5min,0.55,-12.609914930606598,-15.83024371788334,0.9934276036541192,-0.7069125864971665,-0.7115894342948936,-1.2222372156993828,0.10009878913898931,-0.9933700399279856,662.996007201443,1785,0.05627473922676691,2.5327731092436974,1.6666666666666667,3.3333333333333335,1071,-1.238183591802722,0.09771913588147829,0.4239071426927206,0.42072673153724466,0.34839991535988973,0.12835254009482,0.3684057728953078,0.16267141663696724,0.2893827545762527,0.6381453092756766,163814.53092756766,1,0.9999875525903059,80337.0,0.0009337068160597573,0.0009337068160597573,1071,-0.0003572447386660743,1.0000034871782397,-13.03382207329932,False,False,0.05627473922676691,0.5065542089129527,13874.853629744717,80338,0.0
5min@0.58,5min,0.58,-7.767785700705471,-10.245428734098715,0.9149955138308233,-0.4518043029500123,-0.4937776154316183,-0.5977512563352503,0.08210206626546478,-0.9143006124975109,8569.938750248904,869,0.02439692300032363,2.2554660529344073,0.811391223155929,1.622782446311858,1071,-0.6086861702798296,0.0670273293656845,0.4239071426927206,0.42072673153724466,0.34839991535988973,0.12835254009482,0.3684057728953078,0.16267141663696724,0.2893827545762527,0.6381453092756766,163814.53092756766,1,0.9999875525903059,80337.0,0.0009337068160597573,0.0009337068160597573,1071,-0.0003572447386660743,1.0000034871782397,-8.191692843398192,False,False,0.02439692300032363,0.5065542089129527,13874.853629744717,80338,0.0
15min@0.50,15min,0.5,-4.190216683670079,-4.545273714307212,0.9865935594473471,-0.653169542877424,-0.6620452126641747,-1.0263486029040663,0.25448531267124946,-0.9853440525947162,1465.5947405283807,1643,0.7755367599219258,12.33353621424224,1.5355140186915888,3.0710280373831775,1070,-1.1444036553025112,0.7321112869084228,0.41719748797684253,0.41015975438997965,0.34492436663557763,0.12626663817785677,0.36607050817972814,0.16118939715216393,0.29048448431427504,0.6067274782322176,160672.74782322175,1,0.9999617283478128,26128.0,0.0009345794392523365,0.0009345794392523365,1070,-3.6560296058783435e-06,0.9999999942664535,-4.607414171646922,False,False,0.775575031574113,0.4984500190218431,5350.446998750471,26129,0.0
15min@0.52,15min,0.52,-8.45038355859516,-10.951580554797422,0.9956987539212617,-0.7396025459219207,-0.7427975007593585,-1.3322643157821041,0.16239077271070487,-0.9953270317608712,467.2968239128773,1923,0.2780435531401891,3.777951118044722,1.797196261682243,3.594392523364486,1070,-1.3787638604358259,0.2881437874648584,0.41719748797684253,0.41015975438997965,0.34492436663557763,0.12626663817785677,0.36607050817972814,0.16118939715216393,0.29048448431427504,0.6067274782322176,160672.74782322175,1,0.9999617283478128,26128.0,0.0009345794392523365,0.0009345794392523365,1070,-3.6560296058783435e-06,0.9999999942664535,-8.867581046572003,False,False,0.2780435531401891,0.4984500190218431,5350.446998750471,26129,0.0
15min@0.55,15min,0.55,-6.358408554591449,-8.54563543414176,0.9362472659563809,-0.49846735915809826,-0.5324099490415191,-0.6835931244416475,0.11380097995105021,-0.9362015068984771,6379.849310152285,1025,0.10184086647020552,2.59609756097561,0.9579439252336449,1.9158878504672898,1070,-0.7060619839523051,0.13922335237045003,0.41719748797684253,0.41015975438997965,0.34492436663557763,0.12626663817785677,0.36607050817972814,0.16118939715216393,0.29048448431427504,0.6067274782322176,160672.74782322175,1,0.9999617283478128,26128.0,0.0009345794392523365,0.0009345794392523365,1070,-3.6560296058783435e-06,0.9999999942664535,-6.775606042568292,False,False,0.10184086647020552,0.4984500190218431,5350.446998750471,26129,0.0
15min@0.58,15min,0.58,-4.544717510661152,-6.333803986221065,0.7622529506011719,-0.30098503461166815,-0.3948624067303222,-0.3543234840494817,0.0867652352702812,-0.7602155687041136,23978.443129588646,541,0.04933215966933292,2.3826247689463957,0.505607476635514,1.011214953271028,1070,-0.3678926804980308,0.08409243608408451,0.41719748797684253,0.41015975438997965,0.34492436663557763,0.12626663817785677,0.36607050817972814,0.16118939715216393,0.29048448431427504,0.6067274782322176,160672.74782322175,1,0.9999617283478128,26128.0,0.0009345794392523365,0.0009345794392523365,1070,-3.6560296058783435e-06,0.9999999942664535,-4.961914998637995,False,False,0.04933215966933292,0.4984500190218431,5350.446998750471,26129,0.0
1h@0.50,1h,0.5,-2.6286153179730567,-2.9803063020195664,0.9060599445314227,-0.4406274652405292,-0.48631160432591886,-0.5551920400907007,0.22642797370200876,-0.8923326009466066,10766.739905339336,821,0.6053469127943985,4.633373934226553,0.7730696798493408,1.5461393596986817,1062,-0.6533506341522372,0.5874703363370861,0.42786692122754455,0.43452751269295414,0.3327543932547811,0.13077852339523166,0.393018172099979,0.1665161442376324,0.2956904073693269,0.6024219391014556,160242.19391014555,1,0.9998408656906429,6283.0,0.0009416195856873823,0.0009416195856873823,1062,-0.0003876852918907396,0.9999631742672801,-3.0564822392006015,False,False,0.6055060471037556,0.4949686148242105,2003.2369047618395,6284,0.38571428571428573
1h@0.52,1h,0.52,-2.925808344488499,-3.3729479260063315,0.9131138985469017,-0.45249975629730843,-0.49555675038722014,-0.5798202349492854,0.21184580873756603,-0.9008389085135291,9916.109148647087,835,0.5281667727562063,3.9748502994011976,0.7862523540489642,1.5725047080979284,1062,-0.6645187923371065,0.506817165085962,0.42786692122754455,0.43452751269295414,0.3327543932547811,0.13077852339523166,0.393018172099979,0.1665161442376324,0.2956904073693269,0.6024219391014556,160242.19391014555,1,0.9998408656906429,6283.0,0.0009416195856873823,0.0009416195856873823,1062,-0.0003876852918907396,0.9999631742672801,-3.353675265716044,False,False,0.5281667727562063,0.4949686148242105,2003.2369047618395,6284,0.38571428571428573
1h@0.55,1h,0.55,-3.4147201816702077,-4.037013432606523,0.9219751093443839,-0.4699207441208806,-0.5096891872222462,-0.6161200453452985,0.19214460056413085,-0.9124078909362048,8759.210906379521,810,0.4059516231699554,3.1493827160493826,0.7627118644067796,1.5254237288135593,1062,-0.6856433589085844,0.4158782563877523,0.42786692122754455,0.43452751269295414,0.3327543932547811,0.13077852339523166,0.393018172099979,0.1665161442376324,0.2956904073693269,0.6024219391014556,160242.19391014555,1,0.9998408656906429,6283.0,0.0009416195856873823,0.0009416195856873823,1062,-0.0003876852918907396,0.9999631742672801,-3.8425871028977525,False,False,0.4059516231699554,0.4949686148242105,2003.2369047618395,6284,0.38571428571428573
1h@0.58,1h,0.58,-3.3103105821477588,-3.985982424045065,0.8830465015543689,-0.41280337614406915,-0.46747637346101073,-0.5180572239269597,0.1685815303665214,-0.8702926801167001,12970.731988329986,670,0.2988542329726289,2.8029850746268656,0.6308851224105462,1.2617702448210923,1062,-0.5722048458773545,0.32386670807885437,0.42786692122754455,0.43452751269295414,0.3327543932547811,0.13077852339523166,0.393018172099979,0.1665161442376324,0.2956904073693269,0.6024219391014556,160242.19391014555,1,0.9998408656906429,6283.0,0.0009416195856873823,0.0009416195856873823,1062,-0.0003876852918907396,0.9999631742672801,-3.7381775033753035,False,False,0.2988542329726289,0.4949686148242105,2003.2369047618395,6284,0.38571428571428573
1d@0.50,1d,0.5,0.3379874164511909,0.4144275611444939,0.2281203700417739,0.09221742354811391,0.404248965277528,0.10867299113546376,0.20318209434102086,0.442159085615472,144215.9085615472,101,0.5210325047801148,5.396039603960396,0.0965583173996176,0.1931166347992352,1046,0.033224269283549664,0.5151895659970197,0.36940541961728074,0.36949630752305496,0.33319181704906686,0.11057259408758013,0.3318586724814339,0.14532617147200436,0.28512351437920574,0.5454537028294142,154545.3702829414,1,0.9990439770554493,1045.0,0.0009560229445506692,0.0009560229445506692,1046,-0.0011960727952748753,1.0000749506567912,-0.031418003166089836,True,False,0.5210325047801148,0.4782558827882197,231.72527777777532,1046,0.9285714285714286
1d@0.52,1d,0.52,0.32293185021560583,0.41334004428191956,0.23963085070057716,0.08782470728335223,0.36650000209318084,0.10294762565319036,0.19492541727043436,0.418236071060601,141823.6071060601,104,0.49521988527724664,4.980769230769231,0.0994263862332696,0.1988527724665392,1046,0.03387171761011916,0.47169635990567155,0.36940541961728074,0.36949630752305496,0.33319181704906686,0.11057259408758013,0.3318586724814339,0.14532617147200436,0.28512351437920574,0.5454537028294142,154545.3702829414,1,0.9990439770554493,1045.0,0.0009560229445506692,0.0009560229445506692,1046,-0.0011960727952748753,1.0000749506567912,-0.04647356940167491,True,False,0.49521988527724664,0.4782558827882197,231.72527777777532,1046,0.9285714285714286
1d@0.55,1d,0.55,0.34508483602638357,0.453805287556943,0.1808301695140724,0.09158477080571359,0.5064684231166766,0.10529544116417565,0.18921561989233135,0.438694875012797,143869.4875012797,102,0.45793499043977054,4.696078431372549,0.09751434034416825,0.1950286806883365,1046,0.04057578573656033,0.44200664714387805,0.36940541961728074,0.36949630752305496,0.33319181704906686,0.11057259408758013,0.3318586724814339,0.14532617147200436,0.28512351437920574,0.5454537028294142,154545.3702829414,1,0.9990439770554493,1045.0,0.0009560229445506692,0.0009560229445506692,1046,-0.0011960727952748753,1.0000749506567912,-0.02432058359089717,True,False,0.45793499043977054,0.4782558827882197,231.72527777777532,1046,0.9285714285714286
1d@0.58,1d,0.58,0.23438744368765851,0.3113716937712269,0.22272466993122197,0.06877510989950464,0.3087898162369826,0.08347955278513781,0.18550290963144814,0.3179568758639748,131795.6875863975,97,0.43021032504780116,4.639175257731959,0.09273422562141491,0.18546845124282982,1046,0.021861433735208314,0.4207150958667048,0.36940541961728074,0.36949630752305496,0.33319181704906686,0.11057259408758013,0.3318586724814339,0.14532617147200436,0.28512351437920574,0.5454537028294142,154545.3702829414,1,0.9990439770554493,1045.0,0.0009560229445506692,0.0009560229445506692,1046,-0.0011960727952748753,1.0000749506567912,-0.13501797592962222,True,False,0.43021032504780116,0.4782558827882197,231.72527777777532,1046,0.9285714285714286
