label,threshold,sizing,periods_per_year,symbol,cost_label,round_trip_bps,strat_sharpe_ratio,strat_sortino_ratio,strat_max_drawdown,strat_cagr,strat_calmar_ratio,strat_win_rate,strat_profit_factor,strat_total_trades,strat_initial_capital,strat_final_capital,strat_total_return,strat_periods_per_year,strat_alpha,strat_beta,strat_exposure,strat_n_entries,strat_trades_per_day,strat_turnover_per_day,strat_n_days,bh_sharpe_ratio,bh_sortino_ratio,bh_max_drawdown,bh_cagr,bh_calmar_ratio,bh_win_rate,bh_profit_factor,bh_total_trades,bh_initial_capital,bh_final_capital,bh_total_return,bh_periods_per_year,bh_alpha,bh_beta,bh_exposure,bh_n_entries,bh_trades_per_day,bh_turnover_per_day,bh_n_days,sharpe_edge,beats_benchmark
AAPL/frictionless,0.5,binary,98280,AAPL,frictionless,0.0,1.3634112002421241,1.7214690414409306,0.144400863764466,0.32041341175754257,2.218916171306099,0.0,0.0,0,100000.0407000407,140643.3384992431,0.406432812573704,98280,0.27111575188951215,0.3741678877450747,0.1792348004908952,1044,3.356913183279743,6.713826366559486,311.0,0.08226836200202348,0.08311436504829721,0.32232232232231894,0.01838345572429656,0.05703438592724365,0.0,0.0,0,100000.0407000407,102260.49805324902,0.022604564332016297,98280,2.0936469111122388e-14,1.0000000000000004,0.9999917078510067,1,0.003215434083601286,0.003215434083601286,311.0,1.2811428382401007,True
AAPL/ultra_low_1bp,0.5,binary,98280,AAPL,ultra_low_1bp,2.0,0.45535564019461305,0.5826072471726191,0.15949569525766755,0.11379992114966031,0.7134983860587267,0.0,0.0,0,100000.0407000407,114139.41890984685,0.14139372455075816,98280,0.10095316101356797,0.3741543626782263,0.1792348004908952,1044,3.356913183279743,6.713826366559486,311.0,0.08200220540886473,0.082845311029305,0.32232232232231395,0.018300280576646344,0.05677633632319929,0.0,0.0,0,100000.0407000407,102250.24970494898,0.022502080890726583,98280,-8.161913036270168e-05,1.000001889638621,0.9999917078510067,1,0.003215434083601286,0.003215434083601286,311.0,0.37335343478574834,True
AAPL/low_2bp,0.5,binary,98280,AAPL,low_2bp,4.0,-0.4522098648307061,-0.5758972934220424,0.18253895532568862,-0.060499431041772245,-0.33143298609235655,0.0,0.0,0,100000.0407000407,92628.16871130452,-0.07371868988382502,98280,-0.06920942986256913,0.37414083761137673,0.1792348004908952,1044,3.356913183279743,6.713826366559486,311.0,0.08173604274879728,0.08257624474141997,0.3223223223223194,0.01821710388636477,0.056518281933163265,0.0,0.0,0,100000.0407000407,102240.00135665256,0.022399597449473285,98280,-0.00016323826071737007,1.0000037792772376,0.9999917078510067,1,0.003215434083601286,0.003215434083601286,311.0,-0.5339459075795033,False
AAPL/mid_5bp,0.5,binary,98280,AAPL,mid_5bp,10.0,-3.1591363277262223,-3.9722382395848177,0.5166778796903454,-0.43620362523395095,-0.8442467587259123,0.0,0.0,0,100000.0407000407,49500.65035646032,-0.5049936979031633,98280,-0.5796972024907062,0.37410026241083083,0.1792348004908952,1044,3.356913183279743,6.713826366559486,311.0,0.08093751906068974,0.08176897367006612,0.32232232232232116,0.017967564557745064,0.055744090040954604,0.0,0.0,0,100000.0407000407,102209.25631176645,0.0220921471257447,98280,-0.00040809565175670316,1.0000094481930974,0.9999917078510067,1,0.003215434083601286,0.003215434083601286,311.0,-3.240073846786912,False
AAPL/high_10bp,0.5,binary,98280,AAPL,high_10bp,20.0,-7.545309350304509,-9.259637227907627,0.8286131892886417,-0.7593700384257789,-0.9164348917468866,0.0,0.0,0,100000.0407000407,17413.085097434072,-0.8258692198969577,98280,-1.4305101568710574,0.37403263707658674,0.1792348004908952,1044,3.356913183279743,6.713826366559486,311.0,0.07960653138507884,0.08042328963077257,0.3223223223223137,0.017551634806317606,0.05445367444568869,0.0,0.0,0,100000.0407000407,102158.01457028229,0.021579729919457113,98280,-0.0008161913035472563,1.000018896386192,0.9999917078510067,1,0.003215434083601286,0.003215434083601286,311.0,-7.624915881689589,False
AAPL/lab_default_15bp,0.5,binary,98280,AAPL,lab_default_15bp,30.0,-11.662032650172009,-13.90104694586694,0.9394832250698455,-0.8973421865427945,-0.955144448136455,0.0,0.0,0,100000.0407000407,6122.282879390629,-0.9387771961237998,98280,-2.2813231112513965,0.3739650117423437,0.1792348004908952,1044,3.356913183279743,6.713826366559486,311.0,0.07827540765274453,0.07907733051681332,0.3223223223223209,0.017135666447007702,0.05316313907006451,0.0,0.0,0,100000.0407000407,102106.77282878793,0.021067312713067388,98280,-0.0012242869554192452,1.0000283445792892,0.9999917078510067,1,0.003215434083601286,0.003215434083601286,311.0,-11.740308057824754,False
MSFT/frictionless,0.5,binary,98280,MSFT,frictionless,0.0,-0.22194674390847033,-0.2695267708219847,0.11704337834688824,0.00701595390606391,0.05994319375565459,0.0,0.0,0,100000.0407000407,100861.60037694353,0.008615593262478294,98280,0.026237353614357754,0.17041393356053658,0.11779388350802707,653,2.09967845659164,4.19935691318328,311.0,-0.39453598015762403,-0.39670225550711036,0.35495137470794896,-0.10670884758803512,-0.30062948108268145,0.0,0.0,0,100000.0407000407,87069.77275670473,-0.129302626807138,98280,6.489056728477098e-14,1.0000000000000002,0.9999917075759586,1,0.003215434083601286,0.003215434083601286,311.0,0.1725892362491537,True
MSFT/ultra_low_1bp,0.5,binary,98280,MSFT,ultra_low_1bp,2.0,-1.126762460839274,-1.3909643432909968,0.1743892966247222,-0.0946652495222251,-0.5428386452291301,0.0,0.0,0,100000.0407000407,88512.372427822,-0.11487663596734932,98280,-0.0801989063966109,0.17042687803998127,0.11779388350802707,653,2.09967845659164,4.19935691318328,311.0,-0.39482280463143266,-0.3969899713221087,0.35495137470796057,-0.10678152152693632,-0.3008342244477621,0.0,0.0,0,100000.0407000407,87061.08110294891,-0.12938954330932106,98280,-8.162685882471796e-05,0.9999982280060389,0.9999917075759586,1,0.003215434083601286,0.003215434083601286,311.0,-0.7319396562078413,False
MSFT/low_2bp,0.5,binary,98280,MSFT,low_2bp,4.0,-2.02931428468021,-2.4802793216933914,0.2734541867351136,-0.1860880836774551,-0.6805091774210527,0.0,0.0,0,100000.0407000407,77674.13669030156,-0.22325894923090817,98280,-0.18663516640771274,0.17043982251942508,0.11779388350802707,653,2.09967845659164,4.19935691318328,311.0,-0.3951095903978735,-0.3972776871364082,0.3549513747079172,-0.10685419680805808,-0.3010389715943103,0.0,0.0,0,100000.0407000407,87052.38944921426,-0.12947645981129263,98280,-0.0001632537175164082,0.9999964560120772,0.9999917075759586,1,0.003215434083601286,0.003215434083601286,311.0,-1.6342046942823365,False
MSFT/mid_5bp,0.5,binary,98280,MSFT,mid_5bp,10.0,-4.703280340040022,-5.623208727844076,0.5049001972838701,-0.40863678558477357,-0.8093417031386613,0.0,0.0,0,100000.0407000407,52487.96629549446,-0.47512055067120496,98280,-0.5059439464408468,0.17047865595775777,0.11779388350802707,653,2.09967845659164,4.19935691318328,311.0,-0.3959697145920398,-0.398140834582195,0.35495137470797283,-0.10707223070812666,-0.3016532357318452,0.0,0.0,0,100000.0407000407,87026.31448792285,-0.12973720931808153,98280,-0.0004081342944096765,0.9999911400301954,0.9999917075759586,1,0.003215434083601286,0.003215434083601286,311.0,-4.3073106254479825,False
MSFT/high_10bp,0.5,binary,98280,MSFT,high_10bp,20.0,-8.93886363990365,-10.40346451776346,0.7388051969212159,-0.6528184942061108,-0.8836138361324027,0.0,0.0,0,100000.0407000407,27305.59829310008,-0.7269441282028501,98280,-1.0381252464961142,0.17054337835497935,0.11779388350802707,653,2.09967845659164,4.19935691318328,311.0,-0.39740247268444157,-0.39957941365685584,0.35495137470796606,-0.10743564740393396,-0.3026770849734726,0.0,0.0,0,100000.0407000407,86982.8562191538,-0.13017179182889682,98280,-0.0008162685887642022,0.9999822800603919,0.9999917075759586,1,0.003215434083601286,0.003215434083601286,311.0,-8.541461167219207,False
MSFT/lab_default_15bp,0.5,binary,98280,MSFT,lab_default_15bp,30.0,-12.748535155297935,-14.347374734784601,0.8627612132600692,-0.7962286770933454,-0.9228841826172032,0.0,0.0,0,100000.0407000407,14200.432294604765,-0.857995734849746,98280,-1.5703065465514339,0.17060810075219962,0.11779388350802707,653,2.09967845659164,4.19935691318328,311.0,-0.39883424360938274,-0.40101799273174776,0.3549513747079791,-0.10779909769550222,-0.30370102886399375,0.0,0.0,0,100000.0407000407,86939.39795037777,-0.13060637433978184,98280,-0.0012244028831840243,0.9999734200905894,0.9999917075759586,1,0.003215434083601286,0.003215434083601286,311.0,-12.349700911688553,False
NVDA/frictionless,0.5,binary,98280,NVDA,frictionless,0.0,-0.016404266473482716,-0.01764111556534655,0.4394517342203898,-0.03910816381534887,-0.08899308108256482,0.0,0.0,0,100000.0407000407,95222.7363599247,-0.04777302395751981,98280,-0.1711449713661553,0.6575651036462591,0.5180188397625128,1355,4.356913183279743,8.710610932475884,311.0,0.5769864492613178,0.5718632296243773,0.428890607536285,0.2216337570517255,0.5167605752079214,0.0,0.0,0,100000.0407000407,127844.6361133137,0.27844584080515933,98280,-1.402701807246172e-14,0.9999999999999998,0.9999917078510067,1,0.003215434083601286,0.003215434083601286,311.0,-0.5933907157348005,False
NVDA/ultra_low_1bp,0.5,binary,98280,NVDA,ultra_low_1bp,2.0,-0.5947585422375028,-0.6381018609245129,0.4745810312780832,-0.2294732714012232,-0.48352811485792857,0.0,0.0,0,100000.0407000407,72624.18580985849,-0.27375843748202655,98280,-0.39192457524440083,0.6575881064797157,0.5180188397625128,1355,4.356913183279743,8.710610932475884,311.0,0.5768150996415418,0.5716916241593892,0.4288906075362778,0.22153503834772437,0.5165304029862342,0.0,0.0,0,100000.0407000407,127831.95945739656,0.27831907429758207,98280,-8.05215351446001e-05,0.9999968727691065,0.9999917078510067,1,0.003215434083601286,0.003215434083601286,311.0,-1.1715736418790446,False
NVDA/low_2bp,0.5,binary,98280,NVDA,low_2bp,4.0,-1.1728090369363486,-1.256671879001123,0.5146080898573361,-0.38213823186795504,-0.7425810814087562,0.0,0.0,0,100000.0407000407,55387.29143556079,-0.44612731107080184,98280,-0.6127041791228539,0.657611109313174,0.5180188397625128,1355,4.356913183279743,8.710610932475884,311.0,0.5766437277494525,0.5715200186941466,0.42889060753627845,0.221436317832018,0.5163002265403712,0.0,0.0,0,100000.0407000407,127819.28280146046,0.2781923077898152,98280,-0.00016104307039646316,0.9999937455382137,0.9999917078510067,1,0.003215434083601286,0.003215434083601286,311.0,-1.7494527646858011,False
NVDA/mid_5bp,0.5,binary,98280,NVDA,mid_5bp,10.0,-2.9025830567572064,-3.122893232673117,0.7778370333112716,-0.6814742076151097,-0.8761143767018356,0.0,0.0,0,100000.0407000407,24565.5249585934,-0.7543448503958119,98280,-1.275042990757899,0.6576801178135425,0.5180188397625128,1355,4.356913183279743,8.710610932475884,311.0,0.5761294786262383,0.5710052022987078,0.4288906075362901,0.22114014541359106,0.5156096718552633,0.0,0.0,0,100000.0407000407,127781.25283367363,0.2778120082667288,98280,-0.0004026076760151121,0.9999843638455358,0.9999917078510067,1,0.003215434083601286,0.003215434083601286,311.0,-3.478712535383445,False
NVDA/high_10bp,0.5,binary,98280,NVDA,high_10bp,20.0,-5.755940261507038,-6.137245088947101,0.9417078987205799,-0.8944702876693755,-0.9498383616454931,0.0,0.0,0,100000.0407000407,6333.109613516047,-0.936668929640611,98280,-2.3789410101497968,0.657795131980827,0.5180188397625128,1355,4.356913183279743,8.710610932475884,311.0,0.5752719530419123,0.5701471749730214,0.4288906075362791,0.2206464884652073,0.5144586628573888,0.0,0.0,0,100000.0407000407,127717.86955403227,0.2771781757282854,98280,-0.0008052153520247715,0.9999687276910734,0.9999917078510067,1,0.003215434083601286,0.003215434083601286,311.0,-6.33121221454895,False
NVDA/lab_default_15bp,0.5,binary,98280,NVDA,lab_default_15bp,30.0,-8.546601292669203,-9.058615055063784,0.9848084065622293,-0.9650566360278181,-0.9799435398776085,0.0,0.0,0,100000.0407000407,1631.5982438196659,-0.9836840242024121,98280,-3.4828390295416725,0.6579101461481098,0.5180188397625128,1355,4.356913183279743,8.710610932475884,311.0,0.5744138748274091,0.5692891476473162,0.4288906075362838,0.2201527861799244,0.5133075481521233,0.0,0.0,0,100000.0407000407,127654.4862743895,0.2765443431898278,98280,-0.0012078230280434632,0.9999530915366108,0.9999917078510067,1,0.003215434083601286,0.003215434083601286,311.0,-9.121015167496612,False
AMZN/frictionless,0.5,binary,98280,AMZN,frictionless,0.0,0.1523071609517637,0.17493420001855536,0.14017207291234066,0.051587280771433486,0.3680282362927928,0.0,0.0,0,100000.0407000407,106366.56996029752,0.06366526669077888,98280,0.0660092122036647,0.28091251609005363,0.19970479215211495,1188,3.819935691318328,7.636655948553055,311.0,-0.06608265798980117,-0.06641809764684194,0.32617122126131365,-0.05355908504600482,-0.16420542817631265,0.0,0.0,0,100000.0407000407,93468.67209392163,-0.06531365947850465,98280,-3.524704522696288e-14,0.9999999999999994,0.9999917076447223,1,0.003215434083601286,0.003215434083601286,311.0,0.21838981894156487,True
AMZN/ultra_low_1bp,0.5,binary,98280,AMZN,ultra_low_1bp,2.0,-0.8211874645558911,-0.9467733795509629,0.25951852247599194,-0.1334687413894412,-0.5142937009507227,0.0,0.0,0,100000.0407000407,83880.16071260553,-0.1611987342664012,98280,-0.12754792106109644,0.2808807948555144,0.19970479215211495,1188,3.819935691318328,7.636655948553055,311.0,-0.06630004852261735,-0.06663645415864439,0.32617122126131576,-0.053635940409028304,-0.16444105706694848,0.0,0.0,0,100000.0407000407,93459.35887756443,-0.06540679160417184,98280,-8.14661152019283e-05,0.9999979074819682,0.9999917076447223,1,0.003215434083601286,0.003215434083601286,311.0,-0.7548874160332737,False
AMZN/low_2bp,0.5,binary,98280,AMZN,low_2bp,4.0,-1.7937585683045392,-2.0571737290175887,0.3737347873127811,-0.2859728330738027,-0.7651758487081113,0.0,0.0,0,100000.0407000407,66145.91636600689,-0.3385411055539703,98280,-0.32110505432606123,0.2808490736209762,0.19970479215211495,1188,3.819935691318328,7.636655948553055,311.0,-0.06651743610014196,-0.06685481067002806,0.32617122126130704,-0.053712797188972594,-0.16467669030169102,0.0,0.0,0,100000.0407000407,93450.04566122516,-0.06549992372965985,98280,-0.00016293223021234308,0.9999958149639401,0.9999917076447223,1,0.003215434083601286,0.003215434083601286,311.0,-1.7272411322043972,False
AMZN/mid_5bp,0.5,binary,98280,AMZN,mid_5bp,10.0,-4.692076626922011,-5.3322739909026176,0.6902957659649784,-0.6005561093065335,-0.8699982513539017,0.0,0.0,0,100000.0407000407,32431.90602274695,-0.6756810717704662,98280,-0.9017764541206686,0.2807539099173601,0.19970479215211495,1188,3.819935691318328,7.636655948553055,311.0,-0.06716958072649283,-0.06750988020528939,0.32617122126130776,-0.053943376033284474,-0.1653836160795696,0.0,0.0,0,100000.0407000407,93422.1060121598,-0.06577932010659893,98280,-0.000407330575658079,0.9999895374098438,0.9999917076447223,1,0.003215434083601286,0.003215434083601286,311.0,-4.624907046195519,False
AMZN/high_10bp,0.5,binary,98280,AMZN,high_10bp,20.0,-9.379484135658231,-10.470686660933758,0.904705413322463,-0.8483452919344072,-0.9377033445825449,0.0,0.0,0,100000.0407000407,9882.83833398158,-0.9011716568833601,98280,-1.8695621204451809,0.28059530374466696,0.19970479215211495,1188,3.819935691318328,7.636655948553055,311.0,-0.06825642581091625,-0.06860166276394837,0.32617122126131237,-0.054327702464102456,-0.16656191264825834,0.0,0.0,0,100000.0407000407,93375.5399303889,-0.06624498073478391,98280,-0.0008146611513598545,0.9999790748196901,0.9999917076447223,1,0.003215434083601286,0.003215434083601286,311.0,-9.311227709847314,False
AMZN/lab_default_15bp,0.5,binary,98280,AMZN,lab_default_15bp,30.0,-13.766953967322316,-15.071088630253486,0.9707306975248675,-0.9424499829773225,-0.9708665702860184,0.0,0.0,0,100000.0407000407,3009.7647456712157,-0.9699023647930376,98280,-2.8373477867696413,0.28043669757197265,0.19970479215211495,1188,3.819935691318328,7.636655948553055,311.0,-0.06934318851756169,-0.06969344532244454,0.32617122126131676,-0.05471206435927334,-0.16774031794619912,0.0,0.0,0,100000.0407000407,93328.97384862497,-0.06671064136289906,98280,-0.0012219917270008213,0.9999686122295324,0.9999917076447223,1,0.003215434083601286,0.003215434083601286,311.0,-13.697610778804753,False
META/frictionless,0.5,binary,98280,META,frictionless,0.0,-0.5174547858838445,-0.6126333846852052,0.3186508130006042,-0.13973536865476677,-0.43852192730637035,0.0,0.0,0,100000.0407000407,83137.07898939398,-0.16862954847417233,98280,-0.1352706322566485,0.5148809982916651,0.26684247188775,1192,3.832797427652733,7.662379421221865,311.0,0.02765996573822248,0.028839203657500714,0.35191211385670673,-0.028756598220772034,-0.0817152836985921,0.0,0.0,0,100000.0407000407,96483.25215557126,-0.035167871131356554,98280,4.215389481568429e-14,1.0000000000000002,0.9999917073008923,1,0.003215434083601286,0.003215434083601286,311.0,-0.545114751622067,False
META/ultra_low_1bp,0.5,binary,98280,META,ultra_low_1bp,2.0,-1.1919943517844622,-1.408235537241173,0.3993157405243094,-0.29159631771027217,-0.7302399783374441,0.0,0.0,0,100000.0407000407,65508.41733295998,-0.34491609328981687,98280,-0.3294846650502241,0.5148101683095471,0.26684247188775,1192,3.832797427652733,7.662379421221865,311.0,0.02745681006879885,0.02862737886305841,0.3519121138567135,-0.028835789311905446,-0.08194031457424164,0.0,0.0,0,100000.0407000407,96473.59976015249,-0.035264395046259,98280,-8.151224662081114e-05,1.00000021378855,0.9999917073008923,1,0.003215434083601286,0.003215434083601286,311.0,-1.219451161853261,False
META/low_2bp,0.5,binary,98280,META,low_2bp,4.0,-1.865967113793493,-2.2099659923464894,0.519208734367616,-0.4166608617675942,-0.8024920117630094,0.0,0.0,0,100000.0407000407,51616.5652044098,-0.48383455803544695,98280,-0.523698697844021,0.5147393383274316,0.26684247188775,1192,3.832797427652733,7.662379421221865,311.0,0.02725365311651952,0.02841555118434173,0.3519121138567167,-0.0289149818687916,-0.08216534961500223,0.0,0.0,0,100000.0407000407,96463.94736473486,-0.0353609189611499,98280,-0.00016302449327397392,1.000000427577101,0.9999917073008923,1,0.003215434083601286,0.003215434083601286,311.0,-1.8932207669100125,False
META/mid_5bp,0.5,binary,98280,META,mid_5bp,10.0,-3.879875728813627,-4.572105702546559,0.7604090982366714,-0.6743197690308314,-0.8867855087406576,0.0,0.0,0,100000.0407000407,25246.603228630298,-0.7475340704674331,98280,-1.1063407962250935,0.5145268483810773,0.26684247188775,1192,3.832797427652733,7.662379421221865,311.0,0.026644174871402287,0.027780051536772713,0.3519121138567128,-0.029152568335622076,-0.08284047973265296,0.0,0.0,0,100000.0407000407,96434.99017849898,-0.03565049070565296,98280,-0.00040756123308968527,1.0000010689427534,0.9999917073008923,1,0.003215434083601286,0.003215434083601286,311.0,-3.9065199036850293,False
META/high_10bp,0.5,binary,98280,META,high_10bp,20.0,-7.182906345377772,-8.359435561424586,0.9265369410730193,-0.8767634173120921,-0.9462800439415997,0.0,0.0,0,100000.0407000407,7662.1765784665795,-0.9233782654004113,98280,-2.0774109601936503,0.5141726984704909,0.26684247188775,1192,3.832797427652733,7.662379421221865,311.0,0.02562835501856694,0.02672083424842062,0.3519121138567185,-0.029548575112109288,-0.08396577994510308,0.0,0.0,0,100000.0407000407,96386.72820140293,-0.036133110280187064,98280,-0.0008151224664221586,1.000002137885504,0.9999917073008923,1,0.003215434083601286,0.003215434083601286,311.0,-7.2085347003963385,False
META/lab_default_15bp,0.5,binary,98280,META,lab_default_15bp,30.0,-10.374496501747291,-11.910790163701579,0.9775498736528371,-0.9533902680593948,-0.975285551924666,0.0,0.0,0,100000.0407000407,2324.0320163451506,-0.9767596892953644,98280,-3.04848112416225,0.5138185485599046,0.26684247188775,1192,3.832797427652733,7.662379421221865,311.0,0.02461251003927342,0.025661560470245932,0.35191211385672155,-0.029944618571501214,-0.08509118439637729,0.0,0.0,0,100000.0407000407,96338.46622434237,-0.03661572985436634,98280,-0.0012226836994548307,1.0000032068282556,0.9999917073008923,1,0.003215434083601286,0.003215434083601286,311.0,-10.399109011786566,False
TSLA/frictionless,0.5,binary,98280,TSLA,frictionless,0.0,0.43755783857896635,0.49654239974184367,0.33116351625869894,0.14330721719840533,0.4327385420272453,0.0,0.0,0,100000.0407000407,117857.41239101715,0.1785736442302186,98280,0.15190695996110434,0.46521183280485695,0.3853152420919933,1641,5.276527331189711,10.54983922829582,311.0,0.14018077270597987,0.13832711017094576,0.5094796397353575,-0.03768698387430747,-0.07397152100893271,0.0,0.0,0,100000.0407000407,95396.40132192618,-0.04603637504432179,98280,6.7221466430343255e-15,0.9999999999999992,0.9999917063380165,1,0.003215434083601286,0.003215434083601286,311.0,0.2973770658729865,True
TSLA/ultra_low_1bp,0.5,binary,98280,TSLA,ultra_low_1bp,2.0,-0.26307274915494455,-0.29880475220114366,0.3761364910499449,-0.12500258453314328,-0.33233304267876773,0.0,0.0,0,100000.0407000407,84889.04845706286,-0.1511098609280035,98280,-0.11553268157644972,0.4652350728680004,0.3853152420919933,1641,5.276527331189711,10.54983922829582,311.0,0.1400347973385582,0.1381827691436415,0.509479639735356,-0.03776610707568795,-0.07412682299788302,0.0,0.0,0,100000.0407000407,95386.77846666808,-0.04613260355773774,98280,-8.177743291359588e-05,1.000002251219308,0.9999917063380165,1,0.003215434083601286,0.003215434083601286,311.0,-0.4031075464935028,False
TSLA/low_2bp,0.5,binary,98280,TSLA,low_2bp,4.0,-0.9632977167291376,-1.0767903780799823,0.4345490782364299,-0.330363716256601,-0.7602448901683238,0.0,0.0,0,100000.0407000407,61140.94908169878,-0.3885907580268225,98280,-0.38297232311431645,0.4652583129311441,0.3853152420919933,1641,5.276527331189711,10.54983922829582,311.0,0.13988881899177943,0.13803842239879383,0.5094796397353575,-0.037845231752972386,-0.07428212788371798,0.0,0.0,0,100000.0407000407,95377.15561140995,-0.046228832071154025,98280,-0.00016355486583328956,1.0000045024386126,0.9999917063380165,1,0.003215434083601286,0.003215434083601286,311.0,-1.103186535720917,False
TSLA/mid_5bp,0.5,binary,98280,TSLA,mid_5bp,10.0,-3.0578129102232725,-3.4447395586018303,0.787693598586545,-0.6999000873943066,-0.888543576652423,0.0,0.0,0,100000.0407000407,22839.582394401237,-0.771604269013143,98280,-1.1852912477274635,0.46532803312057686,0.3853152420919933,1641,5.276527331189711,10.54983922829582,311.0,0.1394508661899047,0.13760534808014172,0.5094796397353512,-0.038082614641913204,-0.07474805992580036,0.0,0.0,0,100000.0407000407,95348.28704564758,-0.046517517611282644,98280,-0.0004088871644904354,1.0000112560965353,0.9999917063380165,1,0.003215434083601286,0.003215434083601286,311.0,-3.1972637764131773,False
TSLA/high_10bp,0.5,binary,98280,TSLA,high_10bp,20.0,-6.506346711907294,-7.273067299073481,0.9585402971677243,-0.921281263779589,-0.9611294032204722,0.0,0.0,0,100000.0407000407,4422.448640580823,-0.9557755315935684,98280,-2.522489455416162,0.46544423343629665,0.3853152420919933,1641,5.276527331189711,10.54983922829582,311.0,0.13872088633413437,0.13688344526069937,0.5094796397353524,-0.03847828232480199,-0.07552467129950359,0.0,0.0,0,100000.0407000407,95300.17276936407,-0.04699866017829246,98280,-0.0008177743290304024,1.0000225121930744,0.9999917063380165,1,0.003215434083601286,0.003215434083601286,311.0,-6.645067598241428,False
TSLA/lab_default_15bp,0.5,binary,98280,TSLA,lab_default_15bp,30.0,-9.865067585138956,-10.923980902742546,0.9919102677214718,-0.979365241684623,-0.9873526603715211,0.0,0.0,0,100000.0407000407,855.6190827713157,-0.9914438126546585,98280,-3.8596876631049213,0.4655604337520172,0.3853152420919933,1641,5.276527331189711,10.54983922829582,311.0,0.13799083456948597,0.13616140447628425,0.5094796397353639,-0.03887398694496724,-0.07630135517321032,0.0,0.0,0,100000.0407000407,95252.05849308675,-0.04747980274524044,98280,-0.001226661493516072,1.0000337682896088,0.9999917063380165,1,0.003215434083601286,0.003215434083601286,311.0,-10.003058419708442,False
AMD/frictionless,0.5,binary,98280,AMD,frictionless,0.0,-0.10568889184609631,-0.12124515167415165,0.3441261388093769,-0.05047600426616072,-0.14667878598469697,0.0,0.0,0,100000.0407000407,93842.76282335068,-0.061572753706764294,98280,-0.16297451126676285,0.2745938719647749,0.3188181049209693,1635,5.257234726688103,10.514469453376206,311.0,0.8924898911137188,1.0100592196376403,0.4178196309887724,0.5126933536277569,1.2270686095204895,0.0,0.0,0,100000.0407000407,166168.23938335045,0.6616817175283691,98280,-4.7450446892007e-15,1.0000000000000009,0.9999917071633523,1,0.003215434083601286,0.003215434083601286,311.0,-0.9981787829598151,False
AMD/ultra_low_1bp,0.5,binary,98280,AMD,ultra_low_1bp,2.0,-0.9016289718772004,-1.025628139664724,0.4238622240036336,-0.2726199680445258,-0.6431806200360728,0.0,0.0,0,100000.0407000407,67668.47525897883,-0.32331552282106935,98280,-0.4294676599902972,0.27456012343184105,0.3188181049209693,1635,5.257234726688103,10.514469453376206,311.0,0.8923623775613987,1.0099148704042145,0.41781963098875036,0.5125700951729304,1.2267736055387286,0.0,0.0,0,100000.0407000407,166151.6266320234,0.6615155900827125,98280,-8.147356692477236e-05,0.9999999523064705,0.9999917071633523,1,0.003215434083601286,0.003215434083601286,311.0,-1.793991349438599,False
AMD/low_2bp,0.5,binary,98280,AMD,low_2bp,4.0,-1.697198169130472,-1.936058896104021,0.5640536597191635,-0.44280754218512086,-0.7850450654031571,0.0,0.0,0,100000.0407000407,48793.030582152816,-0.512069892766224,98280,-0.6959608087141679,0.2745263748989075,0.3188181049209693,1635,5.257234726688103,10.514469453376206,311.0,0.8922348461897074,1.0097705211703876,0.4178196309887769,0.512446834438036,1.2264785960997626,0.0,0.0,0,100000.0407000407,166135.01388065013,0.6613494626365939,98280,-0.00016294713407189585,0.9999999046129415,0.9999917071633523,1,0.003215434083601286,0.003215434083601286,311.0,-2.5894330153201794,False
AMD/mid_5bp,0.5,binary,98280,AMD,mid_5bp,10.0,-4.076188295556456,-4.640789861964234,0.8265710143609039,-0.7495809777556393,-0.9068561136700487,0.0,0.0,0,100000.0407000407,18288.865035167026,-0.8171114240840546,98280,-1.4954402548851835,0.27442512930010715,0.3188181049209693,1635,5.257234726688103,10.514469453376206,311.0,0.8918521452373047,1.009345601828547,0.4178196309887849,0.512077038552692,1.225593535040093,0.0,0.0,0,100000.0407000407,166085.17562658334,0.6608510802987677,98280,-0.00040736783525303807,0.9999997615323539,0.9999917071633523,1,0.003215434083601286,0.003215434083601286,311.0,-4.968040440793761,False
AMD/high_10bp,0.5,binary,98280,AMD,high_10bp,20.0,-7.983387431628742,-9.012797975489233,0.9652427041404755,-0.9340007404912785,-0.9676330486465399,0.0,0.0,0,100000.0407000407,3561.372220960516,-0.9643862922851884,98280,-2.827905998503798,0.27425638663544,0.3188181049209693,1635,5.257234726688103,10.514469453376206,311.0,0.8912139546496555,1.0086225587078583,0.4178196309887787,0.5114606664575203,1.2241183240891247,0.0,0.0,0,100000.0407000407,166002.11186982293,0.6600204430692334,98280,-0.0008147356704684488,0.9999995230647076,0.9999917071633523,1,0.003215434083601286,0.003215434083601286,311.0,-8.874601386278398,False
AMD/lab_default_15bp,0.5,binary,98280,AMD,lab_default_15bp,30.0,-11.764662298260367,-13.079118956485473,0.9931555286623805,-0.9826171534398276,-0.9893889980789349,0.0,0.0,0,100000.0407000407,692.934628367166,-0.993070656536574,98280,-4.160371742122423,0.27408764397077273,0.3188181049209693,1635,5.257234726688103,10.514469453376206,311.0,0.8905753203073978,1.007898240662315,0.4178196309887808,0.510844237308312,1.222642976586299,0.0,0.0,0,100000.0407000407,165919.04811305326,0.6591898058396064,98280,-0.001222103505728979,0.9999992845970609,0.9999917071633523,1,0.003215434083601286,0.003215434083601286,311.0,-12.655237618567766,False
NFLX/frictionless,0.5,binary,98280,NFLX,frictionless,0.0,0.3235345818671979,0.4511897239422017,0.21825612411893472,0.09458796790202406,0.43338059027603765,0.0,0.0,0,100000.0407000407,111677.6915881512,0.11677646135303776,98280,0.062962513754725,0.4604999277535554,0.33283931292307434,1631,5.244372990353698,10.488745980707396,311.0,0.23467790434279703,0.24390857256849377,0.43960895428127866,0.06031174920485016,0.13719408719382087,0.0,0.0,0,100000.0407000407,107419.03745102716,0.07418993731453005,98280,2.6638847377968844e-15,0.9999999999999988,0.9999916738133102,1,0.003215434083601286,0.003215434083601286,311.0,0.08885667752440088,True
NFLX/ultra_low_1bp,0.5,binary,98280,NFLX,ultra_low_1bp,2.0,-0.7359866823755077,-1.0272079313135227,0.40619980830919894,-0.16185478096049177,-0.3984609978872468,0.0,0.0,0,100000.0407000407,80592.11456849749,-0.1940791823251259,98280,-0.20396797923064972,0.46049665711365584,0.33283931292307434,1631,5.244372990353698,10.488745980707396,311.0,0.23445748993404744,0.24367945560623214,0.4396089542812657,0.0602250075370836,0.13699677167756485,0.0,0.0,0,100000.0407000407,107408.29854075248,0.07408254825549054,98280,-8.18094991562631e-05,0.9999998352260794,0.9999916738133102,1,0.003215434083601286,0.003215434083601286,311.0,-0.9704441723095552,False
NFLX/low_2bp,0.5,binary,98280,NFLX,low_2bp,4.0,-1.794340074033535,-2.4975508607211383,0.5492544846708924,-0.358234629012563,-0.6522197615322403,0.0,0.0,0,100000.0407000407,58157.335897521974,-0.41842687772527776,98280,-0.470898472216343,0.46049338647375615,0.33283931292307434,1631,5.244372990353698,10.488745980707396,311.0,0.23423706155525012,0.2434503386440636,0.4396089542812606,0.06013826429350266,0.13679945257672427,0.0,0.0,0,100000.0407000407,107397.55963048214,0.07397515919649456,98280,-0.00016361899828230776,0.9999996704521603,0.9999916738133102,1,0.003215434083601286,0.003215434083601286,311.0,-2.028577135588785,False
NFLX/mid_5bp,0.5,binary,98280,NFLX,mid_5bp,10.0,-4.949559317031026,-6.824029247895292,0.8096937205762369,-0.7119434807437159,-0.8792750427125027,0.0,0.0,0,100000.0407000407,21850.195017924634,-0.7814981387511001,98280,-1.2716899511729867,0.46048357455405603,0.33283931292307434,1631,5.244372990353698,10.488745980707396,311.0,0.23357569299045108,0.2427649029754422,0.439608954281259,0.059878025105694954,0.13620747376175002,0.0,0.0,0,100000.0407000407,107365.34289965787,0.07365299201937403,98280,-0.00040904749576029583,0.9999991761304008,0.9999916738133102,1,0.003215434083601286,0.003215434083601286,311.0,-5.183135010021477,False
NFLX/high_10bp,0.5,binary,98280,NFLX,high_10bp,20.0,-10.069167186355017,-13.507936596350412,0.9595994914059245,-0.9242444172954962,-0.9631564267936106,0.0,0.0,0,100000.0407000407,4271.591219240891,-0.9572841051929777,98280,-2.6063424161008597,0.46046722135455537,0.33283931292307434,1631,5.244372990353698,10.488745980707396,311.0,0.2324731363125391,0.24161858917615173,0.43960895428127605,0.05944426159162308,0.13522077067062815,0.0,0.0,0,100000.0407000407,107311.64834828173,0.0731160467241494,98280,-0.0008180949915754302,0.999998352260803,0.9999916738133102,1,0.003215434083601286,0.003215434083601286,311.0,-10.301640322667556,False
NFLX/lab_default_15bp,0.5,binary,98280,NFLX,lab_default_15bp,30.0,-14.900524206636549,-19.244805115925757,0.991695945376245,-0.9800904619694488,-0.9882973370407468,0.0,0.0,0,100000.0407000407,834.3901646161435,-0.9916561017498086,98280,-3.940994881028757,0.4604508681550556,0.33283931292307434,1631,5.244372990353698,10.488745980707396,311.0,0.23137023922300815,0.24047152262929142,0.43960895428126884,0.05901045863943488,0.1342339778677007,0.0,0.0,0,100000.0407000407,107257.95379691197,0.07257910142898893,98280,-0.001227142487342115,0.999997528391206,0.9999916738133102,1,0.003215434083601286,0.003215434083601286,311.0,-15.131894445859556,False
